{"cameraMode":{"drawMode":0,"name":"Shaded","section":"Shading Mode"},"sceneLighting":false,"audioPlay":false,"sceneViewState":{"showFog":true,"showMaterialUpdate":false,"showSkybox":true,"showFlares":true,"showImageEffects":true,"showParticleSystems":true},"in2DMode":false,"pivot":{"x":-7.4540557861328129,"y":-5.492382049560547,"z":2.067387819290161},"rotation":{"x":-0.16633643209934236,"y":0.6742738485336304,"z":-0.1598767340183258,"w":-0.7015202641487122},"size":39.41834259033203,"orthographic":false}