{"cameraMode":{"drawMode":0,"name":"Shaded","section":"Shading Mode"},"sceneLighting":false,"audioPlay":false,"sceneViewState":{"showFog":true,"showMaterialUpdate":false,"showSkybox":true,"showFlares":true,"showImageEffects":true,"showParticleSystems":true},"in2DMode":false,"pivot":{"x":-8.621004104614258,"y":-7.30421257019043,"z":-6.477255821228027},"rotation":{"x":-0.2128520905971527,"y":0.6601917743682861,"z":-0.20336087048053742,"w":-0.6910060048103333},"size":32.25307083129883,"orthographic":false}